Date,Home Team,Home Points,Away Team,Away Points
2024-08-24,NEVADA,24,SMU,29
2024-08-24,GEORGIA TECH,24,Florida St.,21
2024-08-24,NEW MEXICO,31,Montana St.,35
2024-08-25,HAWAII,35,Delaware St.,14
2024-08-29,TOLEDO,49,Duquesne,10
2024-08-29,ARKANSAS,70,Ark.-Pine Bluff,0
2024-08-29,MINNESOTA,17,North Carolina,19
2024-08-29,BUFFALO,30,Lafayette,13
2024-08-29,CENTRAL MICH.,66,Central Conn. St.,10
2024-08-29,ILLINOIS,45,Eastern Ill.,0
2024-08-29,MISSOURI,51,Murray St.,0
2024-08-29,RUTGERS,44,Howard,7
2024-08-29,BOWLING GREEN,41,Fordham,17
2024-08-29,ULM,30,Jackson St.,14
2024-08-29,JACKSONVILLE ST.,27,Coastal Carolina,55
2024-08-29,KANSAS,48,Lindenwood,3
2024-08-29,WAKE FOREST,45,N.C. A&T,13
2024-08-29,SAN JOSE ST.,42,Sacramento St.,24
2024-08-29,NC STATE,38,Western Caro.,21
2024-08-29,UCF,57,New Hampshire,3
2024-08-29,COLORADO,31,North Dakota St.,26
2024-08-29,UTAH,49,Southern Utah,0
2024-08-29,TULSA,62,Northwestern St.,28
2024-08-29,UAB,41,Alcorn,3
2024-08-29,TULANE,52,Southeastern La.,0
2024-08-30,MICHIGAN ST.,16,Fla. Atlantic,10
2024-08-30,WISCONSIN,28,Western Mich.,14
2024-08-30,OKLAHOMA,51,Temple,3
2024-08-30,DUKE,26,Elon,3
2024-08-30,STANFORD,27,TCU,34
2024-08-30,ARMY WEST POINT,42,Lehigh,7
2024-08-31,INDIANA,31,FIU,7
2024-08-31,PURDUE,49,Indiana St.,0
2024-08-31,OHIO ST.,52,Akron,6
2024-08-31,SMU,59,Houston Christian,7
2024-08-31,TEXAS A&M,13,Notre Dame,23
2024-08-31,FLORIDA,17,Miami (FL),41
2024-08-31,LOUISIANA,40,Grambling,10
2024-08-31,GA. SOUTHERN,45,Boise St.,56
2024-08-31,PITTSBURGH,55,Kent St.,24
2024-08-31,IOWA ST.,21,North Dakota,3
2024-08-31,KENTUCKY,31,Southern Miss.,0
2024-08-31,IOWA,40,Illinois St.,0
2024-08-31,SOUTH CAROLINA,23,Old Dominion,19
2024-08-31,OLE MISS,76,Furman,0
2024-08-31,MISSISSIPPI ST.,56,Eastern Ky.,7
2024-08-31,VANDERBILT,34,Virginia Tech,27
2024-08-31,NORTHWESTERN,13,Miami (OH),6
2024-08-31,CHARLOTTE,7,James Madison,30
2024-08-31,MARYLAND,50,UConn,7
2024-08-31,MICHIGAN,30,Fresno St.,10
2024-08-31,OREGON,24,Idaho,14
2024-08-31,NEBRASKA,40,UTEP,7
2024-08-31,HAWAII,13,UCLA,16
2024-08-31,WEST VIRGINIA,12,Penn St.,34
2024-08-31,WASHINGTON,35,Weber St.,3
2024-08-31,TEXAS,52,Colorado St.,0
2024-08-31,MASSACHUSETTS,14,Eastern Mich.,28
2024-08-31,OREGON ST.,38,Idaho St.,15
2024-08-31,TEXAS ST.,34,Lamar University,27
2024-08-31,NIU,54,Western Ill.,15
2024-08-31,SYRACUSE,38,Ohio,22
2024-08-31,MARSHALL,45,Stony Brook,3
2024-08-31,SOUTH ALABAMA,38,North Texas,52
2024-08-31,ARKANSAS ST.,34,Central Ark.,31
2024-08-31,TROY,26,Nevada,28
2024-08-31,GEORGIA TECH,35,Georgia St.,12
2024-08-31,APP STATE,38,ETSU,10
2024-08-31,TENNESSEE,69,Chattanooga,3
2024-08-31,GEORGIA,34,Clemson,3
2024-08-31,ALABAMA,63,Western Ky.,0
2024-08-31,AUBURN,73,Alabama A&M,3
2024-08-31,VIRGINIA,34,Richmond,13
2024-08-31,LOUISVILLE,62,Austin Peay,0
2024-08-31,ARIZONA,61,New Mexico,39
2024-08-31,LOUISIANA TECH,25,Nicholls,17
2024-08-31,CALIFORNIA,31,UC Davis,13
2024-08-31,TEXAS TECH,52,Abilene Christian,51
2024-08-31,CINCINNATI,38,Towson,20
2024-08-31,ARIZONA ST.,48,Wyoming,7
2024-08-31,KANSAS ST.,41,UT Martin,6
2024-08-31,BAYLOR,45,Tarleton St.,3
2024-08-31,OKLAHOMA ST.,44,South Dakota St.,20
2024-08-31,HOUSTON,7,UNLV,27
2024-08-31,BYU,41,Southern Ill.,13
2024-08-31,WASHINGTON ST.,70,Portland St.,30
2024-08-31,SAN DIEGO ST.,45,East Texas A&M,14
2024-08-31,AIR FORCE,21,Merrimack,6
2024-08-31,UTAH ST.,36,Robert Morris,14
2024-08-31,RICE,14,Sam Houston,34
2024-08-31,NEW MEXICO ST.,23,Southeast Mo. St.,16
2024-08-31,UTSA,28,Kennesaw St.,16
2024-08-31,MIDDLE TENN.,32,Tennessee Tech,25
2024-08-31,LIBERTY,41,Campbell,24
2024-08-31,EAST CAROLINA,42,Norfolk St.,3
2024-08-31,NAVY,49,Bucknell,21
2024-08-31,MEMPHIS,40,North Ala.,0
2024-08-31,SOUTH FLA.,48,Bethune-Cookman,3
2024-09-01,LSU,20,Southern California,27
2024-09-02,FLORIDA ST.,13,Boston College,28
2024-09-06,INDIANA,77,Western Ill.,3
2024-09-06,SMU,15,BYU,18
2024-09-06,NORTHWESTERN,20,Duke,26
2024-09-07,OHIO ST.,56,Western Mich.,0
2024-09-07,TOLEDO,38,Massachusetts,23
2024-09-07,TEXAS A&M,52,McNeese,10
2024-09-07,LSU,44,Nicholls,21
2024-09-07,OKLAHOMA ST.,39,Arkansas,31
2024-09-07,FLORIDA,45,Samford,7
2024-09-07,KENNESAW ST.,10,Louisiana,34
2024-09-07,NEVADA,17,Ga. Southern,20
2024-09-07,CINCINNATI,27,Pittsburgh,28
2024-09-07,MINNESOTA,48,Rhode Island,0
2024-09-07,IOWA,19,Iowa St.,20
2024-09-07,SOUTHERN MISS.,35,Southeastern La.,10
2024-09-07,KENTUCKY,6,South Carolina,31
2024-09-07,OLE MISS,52,Middle Tenn.,3
2024-09-07,ARIZONA ST.,30,Mississippi St.,23
2024-09-07,MARYLAND,24,Michigan St.,27
2024-09-07,MISSOURI,38,Buffalo,0
2024-09-07,FIU,52,Central Mich.,16
2024-09-07,VIRGINIA TECH,31,Marshall,14
2024-09-07,JAMES MADISON,13,Gardner-Webb,6
2024-09-07,MICHIGAN,12,Texas,31
2024-09-07,ILLINOIS,23,Kansas,17
2024-09-07,OREGON,37,Boise St.,34
2024-09-07,BOSTON COLLEGE,56,Duquesne,0
2024-09-07,NEBRASKA,28,Colorado,10
2024-09-07,RUTGERS,49,Akron,17
2024-09-07,WISCONSIN,27,South Dakota,13
2024-09-07,SOUTHERN CALIFORNIA,48,Utah St.,0
2024-09-07,PENN ST.,34,Bowling Green,27
2024-09-07,WASHINGTON,30,Eastern Mich.,9
2024-09-07,OKLAHOMA,16,Houston,12
2024-09-07,SAN DIEGO ST.,0,Oregon St.,21
2024-09-07,TEXAS ST.,49,UTSA,10
2024-09-07,KENT ST.,17,Saint Francis,23
2024-09-07,NOTRE DAME,14,NIU,16
2024-09-07,BALL ST.,42,Missouri St.,34
2024-09-07,OHIO,27,South Alabama,20
2024-09-07,OLD DOMINION,14,East Carolina,20
2024-09-07,ULM,32,UAB,6
2024-09-07,ARKANSAS ST.,28,Tulsa,24
2024-09-07,MEMPHIS,38,Troy,17
2024-09-07,COASTAL CAROLINA,40,William & Mary,21
2024-09-07,GEORGIA ST.,24,Chattanooga,21
2024-09-07,CLEMSON,66,App State,20
2024-09-07,VANDERBILT,55,Alcorn,0
2024-09-07,NC STATE,10,Tennessee,51
2024-09-07,GEORGIA,48,Tennessee Tech,3
2024-09-07,ALABAMA,42,South Fla.,16
2024-09-07,AUBURN,14,California,21
2024-09-07,WAKE FOREST,30,Virginia,31
2024-09-07,LOUISVILLE,49,Jacksonville St.,14
2024-09-07,SYRACUSE,31,Georgia Tech,28
2024-09-07,NORTH CAROLINA,38,Charlotte,20
2024-09-07,MIAMI (FL),56,Florida A&M,9
2024-09-07,ARIZONA,22,Northern Ariz.,10
2024-09-07,STANFORD,41,Cal Poly,7
2024-09-07,AIR FORCE,7,San Jose St.,17
2024-09-07,UCONN,63,Merrimack,17
2024-09-07,WEST VIRGINIA,49,UAlbany,14
2024-09-07,WASHINGTON ST.,37,Texas Tech,16
2024-09-07,TCU,45,LIU,0
2024-09-07,UCF,45,Sam Houston,14
2024-09-07,TULANE,27,Kansas St.,34
2024-09-07,UTAH,23,Baylor,12
2024-09-07,FLA. ATLANTIC,7,Army West Point,24
2024-09-07,UNLV,72,Utah Tech,14
2024-09-07,WYOMING,13,Idaho,17
2024-09-07,COLORADO ST.,38,Northern Colo.,17
2024-09-07,FRESNO ST.,46,Sacramento St.,30
2024-09-07,WESTERN KY.,31,Eastern Ky.,0
2024-09-07,NEW MEXICO ST.,24,Liberty,30
2024-09-07,UTEP,24,Southern Utah,27
2024-09-07,NAVY,38,Temple,11
2024-09-07,NORTH TEXAS,35,SFA,20
2024-09-07,RICE,69,Texas Southern,7
2024-09-12,TEXAS ST.,28,Arizona St.,31
2024-09-12,SOUTH ALABAMA,87,Northwestern St.,10
2024-09-13,KANSAS,20,UNLV,23
2024-09-13,KANSAS ST.,31,Arizona,7
2024-09-14,UCLA,13,Indiana,42
2024-09-14,PURDUE,7,Notre Dame,66
2024-09-14,MISSISSIPPI ST.,17,Toledo,41
2024-09-14,FLORIDA,20,Texas A&M,33
2024-09-14,SOUTH CAROLINA,33,LSU,36
2024-09-14,ARKANSAS,37,UAB,27
2024-09-14,GA. SOUTHERN,42,South Carolina St.,14
2024-09-14,PITTSBURGH,38,West Virginia,34
2024-09-14,MINNESOTA,27,Nevada,0
2024-09-14,SOUTHERN MISS.,24,South Fla.,49
2024-09-14,IOWA,38,Troy,21
2024-09-14,FLORIDA ST.,12,Memphis,20
2024-09-14,WAKE FOREST,6,Ole Miss,40
2024-09-14,MICHIGAN ST.,40,Prairie View,0
2024-09-14,BUFFALO,34,Massachusetts,3
2024-09-14,ILLINOIS,30,Central Mich.,9
2024-09-14,OLD DOMINION,17,Virginia Tech,37
2024-09-14,NORTHWESTERN,31,Eastern Ill.,7
2024-09-14,VIRGINIA,13,Maryland,27
2024-09-14,MICHIGAN,28,Arkansas St.,18
2024-09-14,OREGON ST.,14,Oregon,49
2024-09-14,MISSOURI,27,Boston College,21
2024-09-14,NEBRASKA,34,UNI,3
2024-09-14,WISCONSIN,10,Alabama,42
2024-09-14,WASHINGTON,19,Washington St.,24
2024-09-14,TEXAS,56,UTSA,7
2024-09-14,EASTERN MICH.,37,Jacksonville St.,34
2024-09-14,OKLAHOMA,34,Tulane,19
2024-09-14,AKRON,31,Colgate,20
2024-09-14,WESTERN MICH.,59,Bethune-Cookman,31
2024-09-14,TENNESSEE,71,Kent St.,0
2024-09-14,MIAMI (OH),16,Cincinnati,27
2024-09-14,MIAMI (FL),62,Ball St.,0
2024-09-14,OHIO,21,Morgan St.,6
2024-09-14,TEMPLE,20,Coastal Carolina,28
2024-09-14,GEORGIA ST.,36,Vanderbilt,32
2024-09-14,EAST CAROLINA,19,App State,21
2024-09-14,KENTUCKY,12,Georgia,13
2024-09-14,AUBURN,45,New Mexico,19
2024-09-14,GEORGIA TECH,59,VMI,7
2024-09-14,NORTH CAROLINA,45,N.C. Central,10
2024-09-14,DUKE,26,UConn,21
2024-09-14,SAN JOSE ST.,31,Kennesaw St.,10
2024-09-14,NC STATE,30,Louisiana Tech,20
2024-09-14,CALIFORNIA,31,San Diego St.,10
2024-09-14,TEXAS TECH,66,North Texas,21
2024-09-14,TCU,34,UCF,35
2024-09-14,COLORADO ST.,9,Colorado,28
2024-09-14,TULSA,10,Oklahoma St.,45
2024-09-14,UTAH ST.,21,Utah,38
2024-09-14,BAYLOR,31,Air Force,3
2024-09-14,HOUSTON,33,Rice,7
2024-09-14,WYOMING,14,BYU,34
2024-09-14,FRESNO ST.,48,New Mexico St.,0
2024-09-14,SAM HOUSTON,31,Hawaii,13
2024-09-14,MIDDLE TENN.,21,Western Ky.,49
2024-09-14,LIBERTY,28,UTEP,10
2024-09-14,FLA. ATLANTIC,38,FIU,20
2024-09-14,CHARLOTTE,27,Gardner-Webb,26
2024-09-16,APP STATE,14,South Alabama,48
2024-09-20,NEBRASKA,24,Illinois,31
2024-09-20,SYRACUSE,24,Stanford,26
2024-09-20,WASHINGTON ST.,54,San Jose St.,52
2024-09-21,INDIANA,52,Charlotte,14
2024-09-21,OREGON ST.,38,Purdue,21
2024-09-21,OHIO ST.,49,Marshall,14
2024-09-21,SMU,66,TCU,42
2024-09-21,WESTERN KY.,26,Toledo,21
2024-09-21,TEXAS A&M,26,Bowling Green,20
2024-09-21,LSU,34,UCLA,17
2024-09-21,AUBURN,14,Arkansas,24
2024-09-21,MISSISSIPPI ST.,28,Florida,45
2024-09-21,LOUISIANA,33,Tulane,41
2024-09-21,OLE MISS,52,Ga. Southern,13
2024-09-21,PITTSBURGH,73,Youngstown St.,17
2024-09-21,MINNESOTA,14,Iowa,31
2024-09-21,IOWA ST.,52,Arkansas St.,7
2024-09-21,JACKSONVILLE ST.,44,Southern Miss.,7
2024-09-21,FLORIDA ST.,14,California,9
2024-09-21,SOUTH CAROLINA,50,Akron,7
2024-09-21,BOSTON COLLEGE,23,Michigan St.,19
2024-09-21,NIU,20,Buffalo,23
2024-09-21,CENTRAL MICH.,37,Ball St.,34
2024-09-21,VIRGINIA TECH,23,Rutgers,26
2024-09-21,WASHINGTON,24,Northwestern,5
2024-09-21,NORTH CAROLINA,50,James Madison,70
2024-09-21,MARYLAND,38,Villanova,20
2024-09-21,MICHIGAN,27,Southern California,24
2024-09-21,MISSOURI,30,Vanderbilt,27
2024-09-21,PENN ST.,56,Kent St.,0
2024-09-21,TEXAS,51,ULM,3
2024-09-21,EASTERN MICH.,36,Saint Francis,0
2024-09-21,OKLAHOMA,15,Tennessee,25
2024-09-21,NOTRE DAME,28,Miami (OH),3
2024-09-21,KENTUCKY,41,Ohio,6
2024-09-21,MASSACHUSETTS,35,Central Conn. St.,31
2024-09-21,TROY,34,Florida A&M,12
2024-09-21,COASTAL CAROLINA,24,Virginia,43
2024-09-21,CLEMSON,59,NC State,35
2024-09-21,LOUISVILLE,31,Georgia Tech,19
2024-09-21,MIDDLE TENN.,17,Duke,45
2024-09-21,SOUTH FLA.,15,Miami (FL),50
2024-09-21,WEST VIRGINIA,32,Kansas,28
2024-09-21,LOUISIANA TECH,20,Tulsa,23
2024-09-21,UCONN,48,Fla. Atlantic,14
2024-09-21,TEXAS TECH,30,Arizona St.,22
2024-09-21,CINCINNATI,34,Houston,0
2024-09-21,COLORADO,38,Baylor,31
2024-09-21,BYU,38,Kansas St.,9
2024-09-21,OKLAHOMA ST.,19,Utah,22
2024-09-21,ARMY WEST POINT,37,Rice,14
2024-09-21,NEVADA,49,Eastern Wash.,16
2024-09-21,BOISE ST.,56,Portland St.,14
2024-09-21,NORTH TEXAS,44,Wyoming,17
2024-09-21,TEMPLE,45,Utah St.,29
2024-09-21,COLORADO ST.,27,UTEP,17
2024-09-21,NEW MEXICO,21,Fresno St.,38
2024-09-21,SAM HOUSTON,31,New Mexico St.,11
2024-09-21,FIU,42,Monmouth,45
2024-09-21,LIBERTY,35,East Carolina,24
2024-09-21,UTSA,45,Houston Christian,7
2024-09-21,NAVY,56,Memphis,44
2024-09-22,HAWAII,36,UNI,7
2024-09-26,TEMPLE,14,Army West Point,42
2024-09-27,MIAMI (FL),38,Virginia Tech,34
2024-09-27,RUTGERS,21,Washington,18
2024-09-28,INDIANA,42,Maryland,28
2024-09-28,PURDUE,10,Nebraska,28
2024-09-28,MICHIGAN ST.,7,Ohio St.,38
2024-09-28,SMU,42,Florida St.,16
2024-09-28,TEXAS A&M,21,Arkansas,17
2024-09-28,LSU,42,South Alabama,10
2024-09-28,WAKE FOREST,38,Louisiana,41
2024-09-28,GEORGIA ST.,21,Ga. Southern,38
2024-09-28,MICHIGAN,27,Minnesota,24
2024-09-28,HOUSTON,0,Iowa St.,20
2024-09-28,OLE MISS,17,Kentucky,20
2024-09-28,TEXAS,35,Mississippi St.,13
2024-09-28,UCONN,47,Buffalo,3
2024-09-28,CENTRAL MICH.,22,San Diego St.,21
2024-09-28,JAMES MADISON,63,Ball St.,7
2024-09-28,PENN ST.,21,Illinois,7
2024-09-28,UCLA,13,Oregon,34
2024-09-28,BOSTON COLLEGE,21,Western Ky.,20
2024-09-28,SOUTHERN CALIFORNIA,38,Wisconsin,21
2024-09-28,KENT ST.,33,Eastern Mich.,52
2024-09-28,AUBURN,21,Oklahoma,27
2024-09-28,SAM HOUSTON,40,Texas St.,39
2024-09-28,OHIO,30,Akron,10
2024-09-28,MARSHALL,27,Western Mich.,20
2024-09-28,BOWLING GREEN,27,Old Dominion,30
2024-09-28,MIAMI (OH),23,Massachusetts,20
2024-09-28,NC STATE,24,NIU,17
2024-09-28,NOTRE DAME,31,Louisville,24
2024-09-28,TROY,9,ULM,13
2024-09-28,ALABAMA,41,Georgia,34
2024-09-28,CLEMSON,40,Stanford,14
2024-09-28,DUKE,21,North Carolina,20
2024-09-28,KANSAS,27,TCU,38
2024-09-28,UTAH,10,Arizona,23
2024-09-28,FIU,17,Louisiana Tech,10
2024-09-28,SYRACUSE,42,Holy Cross,14
2024-09-28,TEXAS TECH,44,Cincinnati,41
2024-09-28,UCF,21,Colorado,48
2024-09-28,KANSAS ST.,42,Oklahoma St.,20
2024-09-28,BAYLOR,28,BYU,34
2024-09-28,BOISE ST.,45,Washington St.,24
2024-09-28,UNLV,59,Fresno St.,14
2024-09-28,WYOMING,31,Air Force,19
2024-09-28,NEW MEXICO ST.,40,New Mexico,50
2024-09-28,KENNESAW ST.,13,UT Martin,24
2024-09-28,MEMPHIS,24,Middle Tenn.,7
2024-09-28,NORTH TEXAS,52,Tulsa,20
2024-09-28,EAST CAROLINA,30,UTSA,20
2024-09-28,FLA. ATLANTIC,41,Wagner,10
2024-09-28,RICE,20,Charlotte,21
2024-09-28,UAB,18,Navy,41
2024-09-28,TULANE,45,South Fla.,10
2024-10-03,TROY,17,Texas St.,38
2024-10-03,UTEP,21,Sam Houston,41
2024-10-04,OREGON,31,Michigan St.,10
2024-10-04,KENNESAW ST.,24,Jacksonville St.,63
2024-10-04,UNLV,41,Syracuse,44
2024-10-04,TCU,19,Houston,30
2024-10-05,NORTHWESTERN,24,Indiana,41
2024-10-05,WISCONSIN,52,Purdue,6
2024-10-05,OHIO ST.,35,Iowa,7
2024-10-05,LOUISVILLE,27,SMU,34
2024-10-05,TOLEDO,30,Miami (OH),20
2024-10-05,ARKANSAS,19,Tennessee,14
2024-10-05,FLORIDA,24,UCF,13
2024-10-05,SOUTHERN MISS.,13,Louisiana,23
2024-10-05,NORTH CAROLINA,24,Pittsburgh,34
2024-10-05,MINNESOTA,24,Southern California,17
2024-10-05,IOWA ST.,43,Baylor,21
2024-10-05,FLORIDA ST.,13,Clemson,29
2024-10-05,SOUTH CAROLINA,3,Ole Miss,27
2024-10-05,STANFORD,7,Virginia Tech,31
2024-10-05,ULM,21,James Madison,19
2024-10-05,WASHINGTON,27,Michigan,17
2024-10-05,TEXAS A&M,41,Missouri,10
2024-10-05,VIRGINIA,24,Boston College,14
2024-10-05,NEBRASKA,14,Rutgers,7
2024-10-05,PENN ST.,27,UCLA,11
2024-10-05,OREGON ST.,39,Colorado St.,31
2024-10-05,AKRON,20,Bowling Green,27
2024-10-05,BALL ST.,42,Western Mich.,45
2024-10-05,NIU,34,Massachusetts,20
2024-10-05,COASTAL CAROLINA,45,Old Dominion,37
2024-10-05,MARSHALL,52,App State,37
2024-10-05,ARKANSAS ST.,18,South Alabama,16
2024-10-05,VANDERBILT,40,Alabama,35
2024-10-05,GEORGIA,31,Auburn,13
2024-10-05,GEORGIA TECH,24,Duke,14
2024-10-05,CALIFORNIA,38,Miami (FL),39
2024-10-05,NC STATE,30,Wake Forest,34
2024-10-05,ARIZONA ST.,35,Kansas,31
2024-10-05,SAN JOSE ST.,35,Nevada,31
2024-10-05,ARIZONA,22,Texas Tech,28
2024-10-05,UCONN,29,Temple,20
2024-10-05,OKLAHOMA ST.,14,West Virginia,38
2024-10-05,TULSA,7,Army West Point,49
2024-10-05,BOISE ST.,62,Utah St.,30
2024-10-05,SAN DIEGO ST.,27,Hawaii,24
2024-10-05,AIR FORCE,7,Navy,34
2024-10-05,CHARLOTTE,55,East Carolina,24
2024-10-05,UAB,20,Tulane,71
2024-10-08,LIBERTY,31,FIU,24
2024-10-09,JACKSONVILLE ST.,54,New Mexico St.,13
2024-10-10,JAMES MADISON,39,Coastal Carolina,7
2024-10-10,LOUISIANA TECH,48,Middle Tenn.,21
2024-10-10,WESTERN KY.,44,UTEP,17
2024-10-11,MARYLAND,10,Northwestern,37
2024-10-11,ARIZONA ST.,27,Utah,19
2024-10-11,UTAH ST.,34,UNLV,50
2024-10-12,ILLINOIS,50,Purdue,49
2024-10-12,OREGON,32,Ohio St.,31
2024-10-12,BUFFALO,30,Toledo,15
2024-10-12,MASSACHUSETTS,3,Missouri,45
2024-10-12,LSU,29,Ole Miss,26
2024-10-12,TENNESSEE,23,Florida,17
2024-10-12,LOUISIANA,34,App State,24
2024-10-12,GA. SOUTHERN,24,Marshall,23
2024-10-12,PITTSBURGH,17,California,15
2024-10-12,UCLA,17,Minnesota,21
2024-10-12,WEST VIRGINIA,16,Iowa St.,28
2024-10-12,ULM,38,Southern Miss.,21
2024-10-12,IOWA,40,Washington,16
2024-10-12,ALABAMA,27,South Carolina,25
2024-10-12,GEORGIA,41,Mississippi St.,31
2024-10-12,CENTRAL MICH.,25,Ohio,27
2024-10-12,RUTGERS,7,Wisconsin,42
2024-10-12,SOUTHERN CALIFORNIA,30,Penn St.,33
2024-10-12,OKLAHOMA,3,Texas,34
2024-10-12,EASTERN MICH.,14,Miami (OH),38
2024-10-12,NEVADA,42,Oregon St.,37
2024-10-12,TEXAS ST.,41,Arkansas St.,9
2024-10-12,WESTERN MICH.,34,Akron,24
2024-10-12,BOWLING GREEN,7,NIU,17
2024-10-12,KENT ST.,35,Ball St.,37
2024-10-12,NOTRE DAME,49,Stanford,7
2024-10-12,GEORGIA ST.,14,Old Dominion,21
2024-10-12,KENTUCKY,13,Vanderbilt,20
2024-10-12,VIRGINIA,20,Louisville,24
2024-10-12,WAKE FOREST,14,Clemson,49
2024-10-12,NORTH CAROLINA,34,Georgia Tech,41
2024-10-12,NC STATE,17,Syracuse,24
2024-10-12,BYU,41,Arizona,19
2024-10-12,COLORADO ST.,31,San Jose St.,24
2024-10-12,UCF,13,Cincinnati,19
2024-10-12,COLORADO,28,Kansas St.,31
2024-10-12,FRESNO ST.,17,Washington St.,25
2024-10-12,ARMY WEST POINT,44,UAB,10
2024-10-12,HAWAII,7,Boise St.,28
2024-10-12,WYOMING,24,San Diego St.,27
2024-10-12,NEW MEXICO,52,Air Force,37
2024-10-12,FLA. ATLANTIC,37,North Texas,41
2024-10-12,RICE,29,UTSA,27
2024-10-12,SOUTH FLA.,3,Memphis,21
2024-10-15,SOUTH ALABAMA,25,Troy,9
2024-10-15,NEW MEXICO ST.,33,Louisiana Tech,30
2024-10-15,MIDDLE TENN.,14,Kennesaw St.,5
2024-10-16,SAM HOUSTON,14,Western Ky.,31
2024-10-16,UTEP,30,FIU,21
2024-10-17,VIRGINIA TECH,42,Boston College,21
2024-10-17,MARSHALL,35,Georgia St.,20
2024-10-18,PURDUE,0,Oregon,35
2024-10-18,DUKE,23,Florida St.,16
2024-10-18,BYU,38,Oklahoma St.,35
2024-10-18,NEVADA,21,Fresno St.,24
2024-10-19,INDIANA,56,Nebraska,7
2024-10-19,STANFORD,10,SMU,40
2024-10-19,NIU,6,Toledo,13
2024-10-19,MISSISSIPPI ST.,24,Texas A&M,34
2024-10-19,ARKANSAS,10,LSU,34
2024-10-19,FLORIDA,48,Kentucky,20
2024-10-19,COASTAL CAROLINA,24,Louisiana,34
2024-10-19,GA. SOUTHERN,28,James Madison,14
2024-10-19,IOWA ST.,38,UCF,35
2024-10-19,SOUTHERN MISS.,28,Arkansas St.,44
2024-10-19,MICHIGAN ST.,32,Iowa,20
2024-10-19,OKLAHOMA,9,South Carolina,35
2024-10-19,BUFFALO,41,Western Mich.,48
2024-10-19,EASTERN MICH.,38,Central Mich.,34
2024-10-19,MARYLAND,29,Southern California,28
2024-10-19,NORTHWESTERN,3,Wisconsin,23
2024-10-19,ILLINOIS,21,Michigan,7
2024-10-19,MISSOURI,21,Auburn,17
2024-10-19,RUTGERS,32,UCLA,35
2024-10-19,TEXAS,15,Georgia,30
2024-10-19,OREGON ST.,25,UNLV,33
2024-10-19,OLD DOMINION,24,Texas St.,14
2024-10-19,BOWLING GREEN,27,Kent St.,6
2024-10-19,MIAMI (OH),30,Ohio,20
2024-10-19,VANDERBILT,24,Ball St.,14
2024-10-19,GEORGIA TECH,13,Notre Dame,31
2024-10-19,TENNESSEE,24,Alabama,17
2024-10-19,CLEMSON,48,Virginia,31
2024-10-19,LOUISVILLE,45,Miami (FL),52
2024-10-19,UCONN,20,Wake Forest,23
2024-10-19,KANSAS,42,Houston,14
2024-10-19,SAN JOSE ST.,24,Wyoming,14
2024-10-19,CALIFORNIA,23,NC State,24
2024-10-19,ARIZONA,7,Colorado,34
2024-10-19,WEST VIRGINIA,18,Kansas St.,45
2024-10-19,TEXAS TECH,35,Baylor,59
2024-10-19,UTAH,7,TCU,13
2024-10-19,CINCINNATI,24,Arizona St.,14
2024-10-19,WASHINGTON ST.,42,Hawaii,10
2024-10-19,ARMY WEST POINT,45,East Carolina,28
2024-10-19,AIR FORCE,13,Colorado St.,21
2024-10-19,UTAH ST.,45,New Mexico,50
2024-10-19,TEMPLE,20,Tulsa,10
2024-10-19,MEMPHIS,52,North Texas,44
2024-10-19,UTSA,38,Fla. Atlantic,24
2024-10-19,NAVY,51,Charlotte,17
2024-10-19,TULANE,24,Rice,10
2024-10-19,SOUTH FLA.,35,UAB,25
2024-10-22,LOUISIANA TECH,14,UTEP,10
2024-10-22,FIU,7,Sam Houston,10
2024-10-23,JACKSONVILLE ST.,42,Middle Tenn.,20
2024-10-23,KENNESAW ST.,27,Liberty,24
2024-10-24,OLD DOMINION,47,Ga. Southern,19
2024-10-24,PITTSBURGH,41,Syracuse,13
2024-10-25,BOSTON COLLEGE,27,Louisville,31
2024-10-25,SOUTHERN CALIFORNIA,42,Rutgers,20
2024-10-25,UNLV,24,Boise St.,29
2024-10-26,INDIANA,31,Washington,17
2024-10-26,OHIO ST.,21,Nebraska,17
2024-10-26,DUKE,27,SMU,28
2024-10-26,TOLEDO,26,Bowling Green,41
2024-10-26,TEXAS A&M,38,LSU,23
2024-10-26,MISSISSIPPI ST.,25,Arkansas,58
2024-10-26,MINNESOTA,48,Maryland,23
2024-10-26,JAMES MADISON,32,Southern Miss.,15
2024-10-26,IOWA,40,Northwestern,14
2024-10-26,MIAMI (FL),36,Florida St.,14
2024-10-26,OLE MISS,26,Oklahoma,14
2024-10-26,MICHIGAN,24,Michigan St.,17
2024-10-26,OHIO,47,Buffalo,16
2024-10-26,MIAMI (OH),46,Central Mich.,7
2024-10-26,VIRGINIA TECH,21,Georgia Tech,6
2024-10-26,OREGON,38,Illinois,9
2024-10-26,ALABAMA,34,Missouri,0
2024-10-26,WISCONSIN,13,Penn St.,28
2024-10-26,VANDERBILT,24,Texas,27
2024-10-26,AKRON,25,Eastern Mich.,21
2024-10-26,CALIFORNIA,44,Oregon St.,7
2024-10-26,WESTERN MICH.,52,Kent St.,21
2024-10-26,BALL ST.,25,NIU,23
2024-10-26,MASSACHUSETTS,35,Wagner,7
2024-10-26,NAVY,14,Notre Dame,51
2024-10-26,SOUTH ALABAMA,46,ULM,17
2024-10-26,ARKANSAS ST.,34,Troy,31
2024-10-26,APP STATE,33,Georgia St.,26
2024-10-26,KENTUCKY,10,Auburn,24
2024-10-26,VIRGINIA,14,North Carolina,41
2024-10-26,STANFORD,24,Wake Forest,27
2024-10-26,KANSAS ST.,29,Kansas,27
2024-10-26,ARIZONA,26,West Virginia,31
2024-10-26,FRESNO ST.,33,San Jose St.,10
2024-10-26,UCONN,17,Rice,10
2024-10-26,TCU,35,Texas Tech,34
2024-10-26,COLORADO,34,Cincinnati,23
2024-10-26,UCF,24,BYU,37
2024-10-26,BAYLOR,38,Oklahoma St.,28
2024-10-26,HOUSTON,17,Utah,14
2024-10-26,SAN DIEGO ST.,26,Washington St.,29
2024-10-26,WYOMING,25,Utah St.,27
2024-10-26,COLORADO ST.,17,New Mexico,6
2024-10-26,EAST CAROLINA,56,Temple,34
2024-10-26,NORTH TEXAS,37,Tulane,45
2024-10-26,TULSA,46,UTSA,45
2024-10-26,MEMPHIS,33,Charlotte,28
2024-10-27,HAWAII,34,Nevada,13
2024-10-29,TEXAS ST.,17,Louisiana,23
2024-10-29,SAM HOUSTON,9,Louisiana Tech,3
2024-10-29,FIU,34,New Mexico St.,13
2024-10-30,LIBERTY,21,Jacksonville St.,31
2024-10-30,WESTERN KY.,31,Kennesaw St.,14
2024-10-30,CHARLOTTE,3,Tulane,34
2024-11-01,UCONN,34,Georgia St.,27
2024-11-01,BOISE ST.,56,San Diego St.,24
2024-11-01,FLA. ATLANTIC,21,South Fla.,44
2024-11-02,MICHIGAN ST.,10,Indiana,47
2024-11-02,PURDUE,20,Northwestern,26
2024-11-02,PENN ST.,13,Ohio St.,20
2024-11-02,SMU,48,Pittsburgh,25
2024-11-02,EASTERN MICH.,28,Toledo,29
2024-11-02,ARKANSAS,31,Ole Miss,63
2024-11-02,GEORGIA,34,Florida,20
2024-11-02,SOUTH ALABAMA,30,Ga. Southern,34
2024-11-02,ILLINOIS,17,Minnesota,25
2024-11-02,IOWA ST.,22,Texas Tech,23
2024-11-02,IOWA,42,Wisconsin,10
2024-11-02,FLORIDA ST.,11,North Carolina,35
2024-11-02,SOUTH CAROLINA,44,Texas A&M,20
2024-11-02,MISSISSIPPI ST.,45,Massachusetts,20
2024-11-02,AKRON,30,Buffalo,41
2024-11-02,SYRACUSE,38,Virginia Tech,31
2024-11-02,MICHIGAN,17,Oregon,38
2024-11-02,NEBRASKA,20,UCLA,27
2024-11-02,WASHINGTON,26,Southern California,21
2024-11-02,OKLAHOMA,59,Maine,14
2024-11-02,APP STATE,28,Old Dominion,20
2024-11-02,MARSHALL,28,ULM,23
2024-11-02,TROY,38,Coastal Carolina,24
2024-11-02,AUBURN,7,Vanderbilt,17
2024-11-02,TENNESSEE,28,Kentucky,18
2024-11-02,CLEMSON,21,Louisville,33
2024-11-02,MIAMI (FL),53,Duke,31
2024-11-02,NC STATE,59,Stanford,28
2024-11-02,UCF,56,Arizona,12
2024-11-02,BAYLOR,37,TCU,34
2024-11-02,OKLAHOMA ST.,21,Arizona St.,42
2024-11-02,HOUSTON,24,Kansas St.,19
2024-11-02,ARMY WEST POINT,20,Air Force,3
2024-11-02,NEVADA,21,Colorado St.,38
2024-11-02,NEW MEXICO,45,Wyoming,49
2024-11-02,FRESNO ST.,20,Hawaii,21
2024-11-02,UTEP,13,Middle Tenn.,20
2024-11-02,UTSA,44,Memphis,36
2024-11-02,UAB,59,Tulsa,21
2024-11-02,RICE,24,Navy,10
2024-11-05,CENTRAL MICH.,13,Bowling Green,23
2024-11-05,BALL ST.,21,Miami (OH),27
2024-11-06,WESTERN MICH.,28,NIU,42
2024-11-06,KENT ST.,0,Ohio,41
2024-11-07,COASTAL CAROLINA,38,App State,24
2024-11-07,EAST CAROLINA,49,Fla. Atlantic,14
2024-11-08,UCLA,20,Iowa,17
2024-11-08,WAKE FOREST,36,California,46
2024-11-08,SAN DIEGO ST.,16,New Mexico,21
2024-11-08,MEMPHIS,27,Rice,20
2024-11-09,INDIANA,20,Michigan,15
2024-11-09,OHIO ST.,45,Purdue,0
2024-11-09,LSU,13,Alabama,42
2024-11-09,TEXAS,49,Florida,17
2024-11-09,LOUISIANA,55,Arkansas St.,19
2024-11-09,PITTSBURGH,19,Virginia,24
2024-11-09,RUTGERS,26,Minnesota,19
2024-11-09,KANSAS,45,Iowa St.,36
2024-11-09,SOUTHERN MISS.,3,Marshall,37
2024-11-09,NOTRE DAME,52,Florida St.,3
2024-11-09,VANDERBILT,7,South Carolina,28
2024-11-09,OLE MISS,28,Georgia,10
2024-11-09,TENNESSEE,33,Mississippi St.,14
2024-11-09,VIRGINIA TECH,14,Clemson,24
2024-11-09,JAMES MADISON,38,Georgia St.,7
2024-11-09,OREGON,39,Maryland,18
2024-11-09,MISSOURI,30,Oklahoma,23
2024-11-09,BOSTON COLLEGE,37,Syracuse,31
2024-11-09,PENN ST.,35,Washington,6
2024-11-09,OREGON ST.,13,San Jose St.,24
2024-11-09,ULM,17,Texas St.,38
2024-11-09,GEORGIA TECH,28,Miami (FL),23
2024-11-09,NC STATE,19,Duke,29
2024-11-09,LOUISIANA TECH,37,Jacksonville St.,44
2024-11-09,UAB,23,UConn,31
2024-11-09,CINCINNATI,24,West Virginia,31
2024-11-09,TEXAS TECH,27,Colorado,41
2024-11-09,TCU,38,Oklahoma St.,13
2024-11-09,ARIZONA ST.,35,UCF,31
2024-11-09,UTAH,21,BYU,22
2024-11-09,WASHINGTON ST.,49,Utah St.,28
2024-11-09,NORTH TEXAS,3,Army West Point,14
2024-11-09,BOISE ST.,28,Nevada,21
2024-11-09,HAWAII,27,UNLV,29
2024-11-09,AIR FORCE,36,Fresno St.,28
2024-11-09,NEW MEXICO ST.,28,Western Ky.,41
2024-11-09,UTEP,43,Kennesaw St.,35
2024-11-09,MIDDLE TENN.,17,Liberty,37
2024-11-09,TULANE,52,Temple,6
2024-11-09,SOUTH FLA.,7,Navy,28
2024-11-12,TOLEDO,37,Central Mich.,10
2024-11-12,BUFFALO,51,Ball St.,48
2024-11-12,BOWLING GREEN,31,Western Mich.,13
2024-11-13,OHIO,35,Eastern Mich.,10
2024-11-13,NIU,29,Akron,16
2024-11-13,MIAMI (OH),34,Kent St.,7
2024-11-14,TULSA,31,East Carolina,38
2024-11-15,WASHINGTON,31,UCLA,19
2024-11-15,ARIZONA,27,Houston,3
2024-11-15,COLORADO ST.,24,Wyoming,10
2024-11-15,UTSA,48,North Texas,27
2024-11-16,PURDUE,10,Penn St.,49
2024-11-16,NORTHWESTERN,7,Ohio St.,31
2024-11-16,SMU,38,Boston College,28
2024-11-16,TEXAS A&M,38,New Mexico St.,3
2024-11-16,FLORIDA,27,LSU,16
2024-11-16,ARKANSAS,10,Texas,20
2024-11-16,LOUISIANA,22,South Alabama,24
2024-11-16,GA. SOUTHERN,20,Troy,28
2024-11-16,PITTSBURGH,20,Clemson,24
2024-11-16,IOWA ST.,34,Cincinnati,17
2024-11-16,TEXAS ST.,58,Southern Miss.,3
2024-11-16,SOUTH CAROLINA,34,Missouri,30
2024-11-16,ILLINOIS,38,Michigan St.,16
2024-11-16,OLD DOMINION,32,James Madison,35
2024-11-16,MARYLAND,17,Rutgers,31
2024-11-16,WISCONSIN,13,Oregon,16
2024-11-16,SOUTHERN CALIFORNIA,28,Nebraska,20
2024-11-16,AIR FORCE,28,Oregon St.,0
2024-11-16,MASSACHUSETTS,34,Liberty,35
2024-11-16,NOTRE DAME,35,Virginia,14
2024-11-16,MARSHALL,31,Coastal Carolina,19
2024-11-16,AUBURN,48,ULM,14
2024-11-16,GEORGIA ST.,20,Arkansas St.,27
2024-11-16,KENTUCKY,48,Murray St.,6
2024-11-16,GEORGIA,31,Tennessee,17
2024-11-16,ALABAMA,52,Mercer,7
2024-11-16,STANFORD,38,Louisville,35
2024-11-16,NORTH CAROLINA,31,Wake Forest,24
2024-11-16,BYU,13,Kansas,17
2024-11-16,SAN JOSE ST.,21,Boise St.,42
2024-11-16,WESTERN KY.,7,Louisiana Tech,12
2024-11-16,JACKSONVILLE ST.,34,FIU,31
2024-11-16,CALIFORNIA,25,Syracuse,33
2024-11-16,WEST VIRGINIA,35,Baylor,49
2024-11-16,KANSAS ST.,14,Arizona St.,24
2024-11-16,COLORADO,49,Utah,24
2024-11-16,NEW MEXICO,38,Washington St.,35
2024-11-16,UNLV,41,San Diego St.,20
2024-11-16,UTAH ST.,55,Hawaii,10
2024-11-16,KENNESAW ST.,17,Sam Houston,23
2024-11-16,TEMPLE,18,Fla. Atlantic,15
2024-11-16,CHARLOTTE,24,South Fla.,59
2024-11-16,NAVY,0,Tulane,35
2024-11-16,MEMPHIS,53,UAB,18
2024-11-19,CENTRAL MICH.,16,Western Mich.,14
2024-11-19,KENT ST.,17,Akron,38
2024-11-19,MIAMI (OH),20,NIU,9
2024-11-20,TOLEDO,7,Ohio,24
2024-11-20,EASTERN MICH.,20,Buffalo,37
2024-11-21,GEORGIA TECH,30,NC State,29
2024-11-22,MICHIGAN ST.,24,Purdue,17
2024-11-22,SAN JOSE ST.,16,UNLV,27
2024-11-22,UTSA,51,Temple,27
2024-11-23,OHIO ST.,38,Indiana,15
2024-11-23,VIRGINIA,7,SMU,33
2024-11-23,AUBURN,43,Texas A&M,41
2024-11-23,LSU,24,Vanderbilt,17
2024-11-23,ARKANSAS,35,Louisiana Tech,14
2024-11-23,FLORIDA,24,Ole Miss,17
2024-11-23,LOUISIANA,51,Troy,30
2024-11-23,COASTAL CAROLINA,6,Ga. Southern,26
2024-11-23,LOUISVILLE,37,Pittsburgh,9
2024-11-23,MINNESOTA,25,Penn St.,26
2024-11-23,UTAH,28,Iowa St.,31
2024-11-23,SOUTHERN MISS.,14,South Alabama,35
2024-11-23,FLORIDA ST.,41,Charleston So.,7
2024-11-23,MARYLAND,13,Iowa,29
2024-11-23,SOUTH CAROLINA,56,Wofford,12
2024-11-23,MISSISSIPPI ST.,20,Missouri,39
2024-11-23,DUKE,31,Virginia Tech,28
2024-11-23,MICHIGAN,50,Northwestern,6
2024-11-23,APP STATE,34,James Madison,20
2024-11-23,RUTGERS,31,Illinois,38
2024-11-23,BOSTON COLLEGE,41,North Carolina,21
2024-11-23,NEBRASKA,44,Wisconsin,25
2024-11-23,UCLA,13,Southern California,19
2024-11-23,TEXAS,31,Kentucky,14
2024-11-23,OKLAHOMA,24,Alabama,3
2024-11-23,OREGON ST.,41,Washington St.,38
2024-11-23,TEXAS ST.,44,Georgia St.,52
2024-11-23,BALL ST.,13,Bowling Green,38
2024-11-23,GEORGIA,59,Massachusetts,21
2024-11-23,NOTRE DAME,49,Army West Point,14
2024-11-23,OLD DOMINION,35,Marshall,42
2024-11-23,ARKANSAS ST.,28,ULM,21
2024-11-23,TENNESSEE,56,UTEP,0
2024-11-23,CLEMSON,51,The Citadel,14
2024-11-23,MIAMI (FL),42,Wake Forest,14
2024-11-23,KANSAS,37,Colorado,21
2024-11-23,TCU,49,Arizona,28
2024-11-23,JACKSONVILLE ST.,21,Sam Houston,11
2024-11-23,CALIFORNIA,24,Stanford,21
2024-11-23,SYRACUSE,31,UConn,24
2024-11-23,WEST VIRGINIA,31,UCF,21
2024-11-23,OKLAHOMA ST.,48,Texas Tech,56
2024-11-23,KANSAS ST.,41,Cincinnati,15
2024-11-23,ARIZONA ST.,28,BYU,23
2024-11-23,HOUSTON,10,Baylor,20
2024-11-23,NEVADA,19,Air Force,22
2024-11-23,WYOMING,13,Boise St.,17
2024-11-23,UTAH ST.,41,San Diego St.,20
2024-11-23,FRESNO ST.,28,Colorado St.,22
2024-11-23,LIBERTY,38,Western Ky.,21
2024-11-23,MIDDLE TENN.,21,New Mexico St.,36
2024-11-23,KENNESAW ST.,27,FIU,26
2024-11-23,NORTH TEXAS,28,East Carolina,40
2024-11-23,SOUTH FLA.,63,Tulsa,30
2024-11-23,FLA. ATLANTIC,27,Charlotte,39
2024-11-23,UAB,40,Rice,14
2024-11-26,AKRON,21,Toledo,14
2024-11-26,BUFFALO,43,Kent St.,7
2024-11-28,TULANE,24,Memphis,34
2024-11-29,WISCONSIN,7,Minnesota,24
2024-11-30,BOISE ST.,34,Oregon St.,18
2024-11-29,BOWLING GREEN,12,Miami (OH),28
2024-11-29,OHIO,42,Ball St.,21
2024-11-29,COLORADO,52,Oklahoma St.,0
2024-11-29,EAST CAROLINA,20,Navy,34
2024-11-29,OLE MISS,26,Mississippi St.,14
2024-11-29,SOUTH ALABAMA,38,Texas St.,45
2024-11-29,COLORADO ST.,42,Utah St.,37
2024-11-29,SAM HOUSTON,20,Liberty,18
2024-11-29,SAN JOSE ST.,34,Stanford,31
2024-11-29,IOWA,13,Nebraska,10
2024-11-29,GEORGIA,44,Georgia Tech,42
2024-11-29,UCF,14,Utah,28
2024-11-30,OHIO ST.,10,Michigan,13
2024-11-30,CLEMSON,14,South Carolina,17
2024-11-30,NORTHWESTERN,28,Illinois,38
2024-11-30,MASSACHUSETTS,42,UConn,47
2024-11-30,VANDERBILT,23,Tennessee,36
2024-11-30,KENTUCKY,14,Louisville,41
2024-11-30,WAKE FOREST,17,Duke,23
2024-11-30,BAYLOR,45,Kansas,17
2024-11-30,TEXAS TECH,52,West Virginia,15
2024-11-30,ARMY WEST POINT,29,UTSA,24
2024-11-30,TEMPLE,17,North Texas,24
2024-11-30,ULM,23,Louisiana,37
2024-11-30,WESTERN MICH.,26,Eastern Mich.,18
2024-11-30,RICE,35,South Fla.,28
2024-11-30,TROY,52,Southern Miss.,20
2024-11-30,FIU,35,Middle Tenn.,24
2024-11-30,GEORGIA ST.,27,Coastal Carolina,48
2024-11-30,BOSTON COLLEGE,34,Pittsburgh,23
2024-11-30,ARKANSAS ST.,32,Old Dominion,40
2024-11-30,LOUISIANA TECH,33,Kennesaw St.,0
2024-11-29,CHARLOTTE,29,UAB,27
2024-11-30,TULSA,16,Fla. Atlantic,63
2024-11-30,WESTERN KY.,19,Jacksonville St.,17
2024-11-30,ARIZONA,7,Arizona St.,49
2024-11-30,NORTH CAROLINA,30,NC State,35
2024-11-30,SYRACUSE,42,Miami (FL),38
2024-11-30,PENN ST.,44,Maryland,7
2024-11-30,ALABAMA,28,Auburn,14
2024-11-30,SOUTHERN CALIFORNIA,35,Notre Dame,49
2024-11-30,NIU,24,Central Mich.,16
2024-11-30,MICHIGAN ST.,14,Rutgers,41
2024-11-30,MISSOURI,28,Arkansas,21
2024-11-30,SMU,38,California,6
2024-11-30,UCLA,20,Fresno St.,13
2024-11-30,NEW MEXICO ST.,35,UTEP,42
2024-11-30,GA. SOUTHERN,29,App State,20
2024-11-30,CINCINNATI,13,TCU,20
2024-11-30,WASHINGTON ST.,14,Wyoming,15
2024-11-30,FLORIDA ST.,11,Florida,31
2024-11-30,INDIANA,66,Purdue,0
2024-11-30,LSU,37,Oklahoma,17
2024-11-30,TEXAS A&M,7,Texas,17
2024-11-30,IOWA ST.,29,Kansas St.,21
2024-11-30,OREGON,49,Washington,21
2024-11-30,VIRGINIA TECH,37,Virginia,17
2024-11-30,JAMES MADISON,33,Marshall,35
2024-11-30,UNLV,38,Nevada,14
2024-11-30,BYU,30,Houston,18
2024-11-30,SAN DIEGO ST.,20,Air Force,31
2024-11-30,HAWAII,38,New Mexico,30
2024-12-06,JACKSONVILLE ST.,52,Western Ky.,12
2024-12-06,BOISE ST.,21,UNLV,7
2024-12-06,ARMY WEST POINT,35,Tulane,14
2024-12-07,ARIZONA ST.,45,Iowa St.,19
2024-12-07,MIAMI (OH),3,Ohio,38
2024-12-07,TEXAS,19,Georgia,22
2024-12-07,LOUISIANA,3,Marshall,31
2024-12-07,OREGON,45,Penn St.,37
2024-12-07,SMU,31,Clemson,34
2024-12-14,ARMY WEST POINT,13,Navy,31
2024-12-14,SOUTH ALABAMA,30,Western Mich.,23
2024-12-17,MEMPHIS,42,West Virginia,37
2024-12-18,WESTERN KY.,17,James Madison,27
2024-12-18,UNLV,24,California,13
2024-12-19,SAM HOUSTON,31,Ga. Southern,26
2024-12-20,OHIO,27,Jacksonville St.,30
2024-12-20,TULANE,33,Florida,8
2024-12-20,NOTRE DAME,27,Indiana,17
2024-12-21,PENN ST.,38,SMU,10
2024-12-21,TEXAS,38,Clemson,24
2024-12-21,OHIO ST.,42,Tennessee,17
2024-12-23,COASTAL CAROLINA,15,UTSA,44
2024-12-23,NIU,28,Fresno St.,20
2024-12-24,SOUTH FLA.,41,San Jose St.,39
2024-12-26,PITTSBURGH,46,Toledo,48
2024-12-26,RUTGERS,41,Kansas St.,44
2024-12-26,ARKANSAS ST.,38,Bowling Green,31
2024-12-27,NAVY,21,Oklahoma,20
2024-12-27,GEORGIA TECH,27,Vanderbilt,35
2024-12-27,ARKANSAS,39,Texas Tech,26
2024-12-27,WASHINGTON ST.,35,Syracuse,52
2024-12-27,TEXAS A&M,31,Southern California,35
2024-12-28,UCONN,27,North Carolina,14
2024-12-28,BOSTON COLLEGE,15,Nebraska,20
2024-12-28,TCU,34,Louisiana,3
2024-12-28,MIAMI (FL),41,Iowa St.,42
2024-12-28,COLORADO ST.,17,Miami (OH),43
2024-12-28,NC STATE,21,East Carolina,26
2024-12-28,BYU,36,Colorado,14
2024-12-28,ARMY WEST POINT,27,Marshall,6
2024-12-30,MISSOURI,27,Iowa,24
2024-12-31,MICHIGAN,19,Alabama,13
2024-12-31,LOUISVILLE,35,Washington,34
2024-12-31,SOUTH CAROLINA,17,Illinois,21
2024-12-31,LSU,44,Baylor,31
2024-12-31,BOISE ST.,14,Penn St.,31
2025-01-01,ARIZONA ST.,31,Texas,39
2025-01-01,OREGON,21,Ohio St.,41
2025-01-01,GEORGIA,10,Notre Dame,23
2025-01-02,OLE MISS,52,Duke,20
2025-01-03,NORTH TEXAS,28,Texas St.,30
2025-01-03,MINNESOTA,24,Virginia Tech,10
2025-01-04,LIBERTY,7,Buffalo,26
2025-01-09,PENN ST.,24,Notre Dame,27
2025-01-10,TEXAS,14,Ohio St.,28
2025-01-20,NOTRE DAME,23,Ohio St.,34